Method,Job,AnalyzeLaunchVariance,EvaluateOverhead,MaxAbsoluteError,MaxRelativeError,MinInvokeCount,MinIterationTime,OutlierMode,Affinity,EnvironmentVariables,Jit,LargeAddressAware,Platform,PowerPlanMode,Runtime,AllowVeryLargeObjects,Concurrent,CpuGroups,Force,HeapAffinitizeMask,HeapCount,NoAffinitize,RetainVm,Server,Arguments,BuildConfiguration,Clock,EngineFactory,NuGetReferences,Toolchain,IsMutator,InvocationCount,IterationCount,IterationTime,LaunchCount,MaxIterationCount,MaxWarmupIterationCount,MemoryRandomization,MinIterationCount,MinWarmupIterationCount,RunStrategy,UnrollFactor,WarmupCount,Mean,Error,StdDev,Gen0,Gen1,Allocated
list_graphs,Job-QAJHKF,False,Default,Default,Default,Default,Default,Default,0000000000,Empty,RyuJit,Default,Arm64,8c5e7fda-e8bf-4a96-9a85-a6e23a8c635c,.NET 10.0,False,True,False,True,Default,Default,False,False,False,Default,Default,Default,Default,Default,Default,Default,Default,20,Default,Default,Default,Default,Default,Default,Default,Default,16,5,62.15 ns,1.199 ns,1.283 ns,0.0343,0.0000,216 B
'get_or_create_graph (exists)',Job-QAJHKF,False,Default,Default,Default,Default,Default,Default,0000000000,Empty,RyuJit,Default,Arm64,8c5e7fda-e8bf-4a96-9a85-a6e23a8c635c,.NET 10.0,False,True,False,True,Default,Default,False,False,False,Default,Default,Default,Default,Default,Default,Default,Default,20,Default,Default,Default,Default,Default,Default,Default,Default,16,5,"774,622.03 ns","38,559.638 ns","42,858.936 ns",0.0000,0.0000,5591 B
'cypher_query (1 vertex)',Job-QAJHKF,False,Default,Default,Default,Default,Default,Default,0000000000,Empty,RyuJit,Default,Arm64,8c5e7fda-e8bf-4a96-9a85-a6e23a8c635c,.NET 10.0,False,True,False,True,Default,Default,False,False,False,Default,Default,Default,Default,Default,Default,Default,Default,20,Default,Default,Default,Default,Default,Default,Default,Default,16,5,"1,030,959.14 ns","41,663.399 ns","47,979.632 ns",7.8125,0.0000,57771 B
get_schema,Job-QAJHKF,False,Default,Default,Default,Default,Default,Default,0000000000,Empty,RyuJit,Default,Arm64,8c5e7fda-e8bf-4a96-9a85-a6e23a8c635c,.NET 10.0,False,True,False,True,Default,Default,False,False,False,Default,Default,Default,Default,Default,Default,Default,Default,20,Default,Default,Default,Default,Default,Default,Default,Default,16,5,116.69 ns,0.262 ns,0.281 ns,0.0548,0.0000,344 B
'search_vertices (limit=2)',Job-QAJHKF,False,Default,Default,Default,Default,Default,Default,0000000000,Empty,RyuJit,Default,Arm64,8c5e7fda-e8bf-4a96-9a85-a6e23a8c635c,.NET 10.0,False,True,False,True,Default,Default,False,False,False,Default,Default,Default,Default,Default,Default,Default,Default,20,Default,Default,Default,Default,Default,Default,Default,Default,16,5,"2,049,397.50 ns","1,214,090.568 ns","1,299,063.307 ns",3.9063,0.0000,36043 B
'search_vertices (all Person)',Job-QAJHKF,False,Default,Default,Default,Default,Default,Default,0000000000,Empty,RyuJit,Default,Arm64,8c5e7fda-e8bf-4a96-9a85-a6e23a8c635c,.NET 10.0,False,True,False,True,Default,Default,False,False,False,Default,Default,Default,Default,Default,Default,Default,Default,20,Default,Default,Default,Default,Default,Default,Default,Default,16,5,"1,917,625.66 ns","529,848.784 ns","610,174.648 ns",27.3438,3.9063,194441 B
'search_edges (all)',Job-QAJHKF,False,Default,Default,Default,Default,Default,Default,0000000000,Empty,RyuJit,Default,Arm64,8c5e7fda-e8bf-4a96-9a85-a6e23a8c635c,.NET 10.0,False,True,False,True,Default,Default,False,False,False,Default,Default,Default,Default,Default,Default,Default,Default,20,Default,Default,Default,Default,Default,Default,Default,Default,16,5,"1,640,050.94 ns","66,859.770 ns","74,314.457 ns",23.4375,0.0000,153329 B
'get_neighbors (depth=1)',Job-QAJHKF,False,Default,Default,Default,Default,Default,Default,0000000000,Empty,RyuJit,Default,Arm64,8c5e7fda-e8bf-4a96-9a85-a6e23a8c635c,.NET 10.0,False,True,False,True,Default,Default,False,False,False,Default,Default,Default,Default,Default,Default,Default,Default,20,Default,Default,Default,Default,Default,Default,Default,Default,16,5,"91,614,511.79 ns","1,780,261.546 ns","2,050,151.844 ns",0.0000,0.0000,233251 B
export_graph,Job-QAJHKF,False,Default,Default,Default,Default,Default,Default,0000000000,Empty,RyuJit,Default,Arm64,8c5e7fda-e8bf-4a96-9a85-a6e23a8c635c,.NET 10.0,False,True,False,True,Default,Default,False,False,False,Default,Default,Default,Default,Default,Default,Default,Default,20,Default,Default,Default,Default,Default,Default,Default,Default,16,5,"71,350,147.14 ns","1,004,406.177 ns","1,074,703.357 ns",0.0000,0.0000,472477 B
